College,State,Conference,Latitude,Longitude
Adrian College,MI,Michigan Intercollegiate Athletic Association,41.8984947,-84.0608324
Agnes Scott College,GA,Collegiate Conference of the South,33.7688851,-84.2944452
Albertus Magnus College,CT,Great Northeast Athletic Conference,41.332772,-72.9225456
Albion College,MI,Michigan Intercollegiate Athletic Association,42.2437255,-84.742901
Albright College,PA,MAC Commonwealth,40.3627666,-75.9117629
Alfred University,NY,Empire 8,42.255862,-77.7857087
Alfred State College,NY,Allegheny Mountain Collegiate Conference,42.2561256,-77.7979136
Allegheny College,PA,Presidents' Athletic Conference,41.6480894,-80.1452977
Alma College,MI,Michigan Intercollegiate Athletic Association,43.381474,-84.671349
Alvernia University,PA,MAC Commonwealth,40.3099619,-75.9353046
Alverno College,WI,Northern Athletics Collegiate Conference,42.9837531,-87.9654822
Amherst College,MA,New England Small College Athletic Conference,42.3703768,-72.5160692
Anderson University (Indiana),IN,Heartland Collegiate Athletic Conference,40.114554,-85.660719
Anna Maria College,MA,Massachusetts State Collegiate Athletic Conference,42.3303679,-71.9197278
Arcadia University,PA,MAC Freedom,40.0917501,-75.1651151
Asbury University,KY,Collegiate Conference of the South,37.8635807,-84.6653085
Augsburg University,MN,Minnesota Intercollegiate Athletic Conference,44.9663802,-93.2412702
Augustana College (Illinois),IL,College Conference of Illinois and Wisconsin,41.5015277,-90.5503699
Aurora University,IL,Northern Athletics Collegiate Conference,41.754829,-88.3495036
Austin College,TX,Southern Collegiate Athletic Conference,33.6474084,-96.5980179
Averett University,VA,Old Dominion Athletic Conference,36.5789301,-79.4145205
Babson College,MA,New England Women's and Men's Athletic Conference,42.2949963,-71.2649172
Baldwin Wallace University,OH,Ohio Athletic Conference,41.3713339,-81.8479949
Bard College,NY,Liberty League,42.0225482,-73.9107242
Baruch College,NY,City University of New York Athletic Conference,40.7402105,-73.9833844
Bates College,ME,New England Small College Athletic Conference,44.1055314,-70.2015082
Belhaven University,MS,Collegiate Conference of the South,32.3201391,-90.1690572
Beloit College,WI,Midwest Conference,42.5009819,-89.0157777
Benedictine University,IL,Northern Athletics Collegiate Conference,41.7779976,-88.0969936
Berea College,KY,Heartland Collegiate Athletic Conference,37.5715364,-84.289796
Berry College,GA,Southern Athletic Association,34.290842,-85.1890789
Bethany College (West Virginia),WV,Presidents' Athletic Conference,40.2058045,-80.5610734
Bethany Lutheran College,MN,Upper Midwest Athletic Conference,44.1667413,-93.9910428
Bethel University (Minnesota),MN,Minnesota Intercollegiate Athletic Conference,45.0597618,-93.1639632
Blackburn College (Illinois),IL,St. Louis Intercollegiate Athletic Conference,39.2895977,-89.8715771
Bluffton University,OH,Heartland Collegiate Athletic Conference,40.8965715,-83.899648
Bowdoin College,ME,New England Small College Athletic Conference,43.906924,-69.9615253
Brandeis University,MA,University Athletic Association,42.3665095,-71.2580196
Brevard College,NC,USA South Athletic Conference,35.237431,-82.7264112
Bridgewater College,VA,Old Dominion Athletic Conference,27.6962972,85.352347
Bridgewater State University,MA,Massachusetts State Collegiate Athletic Conference,41.9882958,-70.9635926
Brooklyn College,NY,City University of New York Athletic Conference,40.6310352,-73.9520082
Bryn Mawr College,PA,Centennial Conference,40.0286808,-75.3154551
Buena Vista University,IA,American Rivers Conference,42.6405657,-95.209698
Buffalo State University,NY,State University of New York Athletic Conference,42.9335571,-78.8845343
Cairn University,PA,United East Conference,40.1669059,-74.9078538
California Institute of Technology,CA,Southern California Intercollegiate Athletic Conference,34.1370138,-118.1252883
California Lutheran University,CA,Southern California Intercollegiate Athletic Conference,34.2281002,-118.8784338
University of California,CA,Coast to Coast Athletic Conference,33.9820425,-117.332218
Calvin University,MI,Michigan Intercollegiate Athletic Association,42.9320314,-85.5803644
Capital University,OH,Ohio Athletic Conference,39.9554343,-82.9376327
Carleton College,MN,Minnesota Intercollegiate Athletic Conference,44.4718354,-93.1414777
Carlow University,PA,Allegheny Mountain Collegiate Conference,40.438763,-79.9636614
Carnegie Mellon University,PA,University Athletic Association,40.4439193,-79.9428267
Carroll University,WI,College Conference of Illinois and Wisconsin,43.0039527,-88.2292641
Carthage College,WI,College Conference of Illinois and Wisconsin,42.6228012,-87.8222909
Case Western Reserve University,OH,University Athletic Association,41.501387,-81.6007022
Catholic University of America,DC,Landmark Conference,38.9391024,-76.9999642
Cedar Crest College,PA,United East Conference,40.5865842,-75.518783
Centenary College of Louisiana,LA,Southern Collegiate Athletic Conference,32.482254,-93.7313806
Centenary University,NJ,Atlantic East Conference,40.8470669,-74.8351007
Central College (Iowa),IA,American Rivers Conference,41.4036435,-92.9315988
Centre College,KY,Southern Athletic Association,37.6444259,-84.7809759
Chapman University,CA,Southern California Intercollegiate Athletic Conference,33.7933817,-117.8516959
Chatham University,PA,Presidents' Athletic Conference,40.4476208,-79.9239954
University of Chicago,IL,University Athletic Association,33.967831,-117.3485015
Christopher Newport University,VA,Coast to Coast Athletic Conference,37.0637197,-76.4955712
City College of New York,NY,City University of New York Athletic Conference,40.8181098,-73.950886
Claremont McKenna-Harvey Mudd-Scripps Colleges,CA,Southern California Intercollegiate Athletic Conference,,
Clark University,MA,New England Women's and Men's Athletic Conference,42.2514681,-71.8229509
Clarkson University,NY,Liberty League,44.6595888,-75.0062397
Coe College,IA,American Rivers Conference,41.9905972,-91.6569664
Colby College,ME,New England Small College Athletic Conference,44.5596645,-69.6580742
Colby–Sawyer College,NH,Great Northeast Athletic Conference,43.4141177,-71.9753244
Colorado College,CO,Southern Collegiate Athletic Conference,38.8480439,-104.8239509
Concordia College (Moorhead),MN,Minnesota Intercollegiate Athletic Conference,46.862419,-96.7694258
Concordia University Chicago,IL,Northern Athletics Collegiate Conference,41.8993058,-87.8094576
Concordia University Texas,TX,Southern Collegiate Athletic Conference,30.4187934,-97.8384764
Concordia University Wisconsin,WI,Northern Athletics Collegiate Conference,43.2543401,-87.9147839
Connecticut College,CT,New England Small College Athletic Conference,41.3791334,-72.1065306
Cornell College,IA,Midwest Conference,41.9258988,-91.4254156
Covenant College,GA,Collegiate Conference of the South,-26.316181,28.046557
Crown College (Minnesota),MN,Upper Midwest Athletic Conference,44.8841343,-93.7425643
Curry College,MA,Conference of New England,42.2378786,-71.1147115
University of Dallas,TX,Southern Collegiate Athletic Conference,32.8487635,-96.9225676
Dean College,MA,Great Northeast Athletic Conference,42.0846531,-71.3998378
Delaware Valley University,PA,MAC Freedom,40.2931485,-75.1599412
Denison University,OH,North Coast Athletic Conference,40.0730051,-82.5224859
DePauw University,IN,North Coast Athletic Conference,39.6380494,-86.8668737
DeSales University,PA,MAC Freedom,40.5379677,-75.379763
Dickinson College,PA,Centennial Conference,40.2028115,-77.199574
Dominican University (Illinois),IL,Northern Athletics Collegiate Conference,41.9028967,-87.8226266
Drew University,NJ,Landmark Conference,40.760538,-74.4281605
University of Dubuque,IA,American Rivers Conference,42.0352165,-91.6361659
Earlham College,IN,Heartland Collegiate Athletic Conference,39.8204275,-84.9132312
East Texas Baptist University,TX,American Southwest Conference,32.5579527,-94.3751134
Eastern Connecticut State University,CT,Little East Conference,41.7210177,-72.217649
Eastern Mennonite University,VA,Old Dominion Athletic Conference,38.4721629,-78.8779452
Eastern University,PA,MAC Commonwealth,23.8667045,90.3139123
Edgewood University,WI,Northern Athletics Collegiate Conference,43.0588111,-89.4212241
Elizabethtown College,PA,Landmark Conference,40.149469,-76.5900861
Elmhurst University,IL,College Conference of Illinois and Wisconsin,41.8971173,-87.9469201
Elmira College,NY,Empire 8,42.0944203,-76.8155382
Elms College,MA,Great Northeast Athletic Conference,42.1419011,-72.600423
Emerson College,MA,New England Women's and Men's Athletic Conference,51.0999015,0.051608
Emmanuel College (Massachusetts),MA,Great Northeast Athletic Conference,42.3406848,-71.1029059
Emory University,GA,University Athletic Association,33.8004547,-84.3172378
Endicott College,MA,Conference of New England,42.5540691,-70.8441366
Eureka College,IL,St. Louis Intercollegiate Athletic Conference,40.7130455,-89.2658809
Fairleigh Dickinson University-Florham,NJ,MAC Freedom,40.7754461,-74.4320674
Farmingdale State College,NY,Skyline Conference,40.7539202,-73.4285044
Fitchburg State University,MA,Massachusetts State Collegiate Athletic Conference,42.5882248,-71.7900051
Framingham State University,MA,Massachusetts State Collegiate Athletic Conference,42.2977792,-71.4373064
Franciscan University of Steubenville,OH,Presidents' Athletic Conference,40.376755,-80.6219314
Franklin & Marshall College,PA,Centennial Conference,40.0489875,-76.3200987
Franklin College (Indiana),IN,Heartland Collegiate Athletic Conference,39.4766065,-86.0372577
Gallaudet University,DC,United East Conference,38.9083288,-76.9916857
Geneva College,PA,Presidents' Athletic Conference,40.7710885,-80.3217135
George Fox University,OR,Northwest Conference,45.3038558,-122.9665978
Gettysburg College,PA,Centennial Conference,39.8374688,-77.2396405
Gordon College (Massachusetts),MA,Conference of New England,42.5888528,-70.8203006
Goucher College,MD,Landmark Conference,39.408995,-76.5928709
Greensboro College,NC,USA South Athletic Conference,36.0713888,-79.8008558
Greenville University,IL,St. Louis Intercollegiate Athletic Conference,38.896711,-89.4126111
Grinnell College,IA,Midwest Conference,41.7511199,-92.7198486
Grove City College,PA,Presidents' Athletic Conference,41.1553489,-80.0787486
Guilford College,NC,Old Dominion Athletic Conference,36.0918026,-79.8872571
Gustavus Adolphus College,MN,Minnesota Intercollegiate Athletic Conference,44.3241873,-93.9714681
Gwynedd Mercy University,PA,Atlantic East Conference,40.1986857,-75.2354905
Hamilton College,NY,New England Small College Athletic Conference,43.0537974,-75.4069389
Hamline University,MN,Minnesota Intercollegiate Athletic Conference,44.9665114,-93.1645864
Hampden–Sydney College,VA,Old Dominion Athletic Conference,37.242375,-78.4605692
Hanover College,IN,Heartland Collegiate Athletic Conference,38.7165177,-85.4616428
Hardin–Simmons University,TX,American Southwest Conference,32.4777117,-99.7341576
University of Hartford,CT,Conference of New England,41.8002648,-72.7141205
Hartwick College,NY,Empire 8,42.4599781,-75.0714688
Haverford College,PA,Centennial Conference,40.0071506,-75.3069423
Heidelberg University,OH,Ohio Athletic Conference,49.4186003,8.6692402
Hendrix College,AR,Southern Collegiate Athletic Conference,35.1008234,-92.4420508
Hilbert College,NY,Allegheny Mountain Collegiate Conference,42.7554942,-78.8208089
Hiram College,OH,Presidents' Athletic Conference,41.3136471,-81.1430681
Hobart College,NY,Liberty League,-42.9195477,147.3141198
Hollins University,VA,Old Dominion Athletic Conference,37.3573684,-79.9436595
Hood College,MD,MAC Commonwealth,39.4229618,-77.4189171
Hope College,MI,Michigan Intercollegiate Athletic Association,42.7867245,-86.0996427
Houghton University,NY,Empire 8,42.426287,-78.1554629
Howard Payne University,TX,American Southwest Conference,31.7164202,-98.986314
Hunter College,NY,City University of New York Athletic Conference,40.7683107,-73.964406
Huntingdon College,AL,Collegiate Conference of the South,32.3493496,-86.2852119
Husson University,ME,North Atlantic Conference,44.8288978,-68.7952553
Illinois College,IL,Midwest Conference,39.7291655,-90.2464732
Illinois Institute of Technology,IL,Northern Athletics Collegiate Conference,41.8361641,-87.6264723
Illinois Wesleyan University,IL,College Conference of Illinois and Wisconsin,40.4924271,-88.9904211
Immaculata University,PA,Atlantic East Conference,40.0283562,-75.5702359
Ithaca College,NY,Liberty League,42.4197035,-76.4983348
John Carroll University,OH,North Coast Athletic Conference,41.4903811,-81.5287587
John Jay College of Criminal Justice,NY,City University of New York Athletic Conference,40.7707024,-73.9892566
Johns Hopkins University,MD,Centennial Conference,39.3302023,-76.6218536
Johnson & Wales University (Providence),RI,Conference of New England,41.7882362,-71.3903871
Johnson & Wales University (Charlotte),NC,Coast to Coast Athletic Conference,35.2329814,-80.8511555
Juniata College,PA,Landmark Conference,40.5012255,-78.0151628
Kalamazoo College,MI,Michigan Intercollegiate Athletic Association,42.2907574,-85.5993647
Kean University,NJ,New Jersey Athletic Conference,40.6792525,-74.2351927
Keene State College,NH,Little East Conference,42.9254736,-72.2808736
Kenyon College,OH,North Coast Athletic Conference,40.3725696,-82.3942746
Keuka College,NY,Empire 8,42.6147014,-77.0899574
Keystone College,PA,United East Conference,49.6752686,-124.9815392
King's College (Pennsylvania),PA,MAC Freedom,41.2495428,-75.8782268
Knox College,IL,Midwest Conference,40.9419283,-90.3722583
La Roche University,PA,Allegheny Mountain Collegiate Conference,40.5683991,-80.0138653
University of La Verne,CA,Southern California Intercollegiate Athletic Conference,34.0998636,-117.7726225
LaGrange College,GA,Collegiate Conference of the South,33.033811,-85.0467503
Lake Forest College,IL,Midwest Conference,42.2476174,-87.8294821
Lakeland University,WI,Northern Athletics Collegiate Conference,43.8405554,-87.8890371
Lancaster Bible College,PA,United East Conference,40.0752884,-76.2880885
Lasell University,MA,Great Northeast Athletic Conference,42.3410687,-71.2485963
Lawrence University,WI,Midwest Conference,44.2607247,-88.398891
Lebanon Valley College,PA,MAC Freedom,40.3345578,-76.5137456
Lehman College,NY,City University of New York Athletic Conference,40.8722825,-73.8948917
Lesley University,MA,North Atlantic Conference,42.387085,-71.1184042
LeTourneau University,TX,Southern Collegiate Athletic Conference,32.465759,-94.7264445
Lewis & Clark College,OR,Northwest Conference,38.9523885,-90.1951205
Linfield University,OR,Northwest Conference,45.1984734,-123.1981384
Loras College,IA,American Rivers Conference,42.5050495,-90.6788558
Luther College,IA,American Rivers Conference,-37.7817277,145.2715934
Lycoming College,PA,Landmark Conference,41.24544,-76.9999012
University of Lynchburg,VA,Old Dominion Athletic Conference,37.3987429,-79.1840479
Lyon College,AR,St. Louis Intercollegiate Athletic Conference,35.7764261,-91.6242394
Macalester College,MN,Minnesota Intercollegiate Athletic Conference,44.9376942,-93.1692917
University of Maine at Farmington,ME,North Atlantic Conference,44.6691462,-70.1443037
Maine Maritime Academy,ME,North Atlantic Conference,44.3883049,-68.8030212
University of Maine at Presque Isle,ME,North Atlantic Conference,46.6688605,-68.0179082
Manchester University,IN,Heartland Collegiate Athletic Conference,41.0117756,-85.7600095
Manhattanville University,NY,Skyline Conference,41.0321594,-73.7159265
Maranatha Baptist University,WI,Independent,43.1959164,-88.7400164
Marian University (Wisconsin),WI,Northern Athletics Collegiate Conference,43.7774111,-88.4141279
Marietta College,OH,Ohio Athletic Conference,39.416095,-81.4484225
Martin Luther College,MN,Upper Midwest Athletic Conference,44.3044386,-94.471825
Mary Baldwin University,VA,USA South Athletic Conference,38.1540287,-79.0681974
University of Mary Hardin–Baylor,TX,American Southwest Conference,31.0686823,-97.4648294
University of Mary Washington,VA,Coast to Coast Athletic Conference,38.3007911,-77.4734265
Marymount University,VA,Atlantic East Conference,38.9054445,-77.1276818
Maryville College,TN,Collegiate Conference of the South,35.751472,-83.9642249
Marywood University,PA,Atlantic East Conference,41.4345694,-75.6325017
University of Massachusetts Boston,MA,Little East Conference,42.314068,-71.0387132
Massachusetts College of Liberal Arts,MA,Massachusetts State Collegiate Athletic Conference,42.6916179,-73.1045006
University of Massachusetts Dartmouth,MA,Little East Conference,41.6225037,-71.0073448
Massachusetts Institute of Technology,MA,New England Women's and Men's Athletic Conference,42.3582529,-71.0966272
Massachusetts Maritime Academy,MA,Massachusetts State Collegiate Athletic Conference,41.7399828,-70.6243933
McDaniel College,MD,Centennial Conference,39.5851682,-77.0037276
McMurry University,TX,Southern Collegiate Athletic Conference,32.429358,-99.7487222
Medgar Evers College,NY,City University of New York Athletic Conference,40.6664361,-73.958058
Meredith College,NC,USA South Athletic Conference,35.7986587,-78.6888239
Messiah University,PA,MAC Commonwealth,40.157044,-76.9856071
Methodist University,NC,USA South Athletic Conference,35.1340802,-78.8724299
Middlebury College,VT,New England Small College Athletic Conference,44.0036695,-73.1729528
Millikin University,IL,College Conference of Illinois and Wisconsin,39.842988,-88.9742628
Millsaps College,MS,Southern Athletic Association,32.3219636,-90.1798225
Milwaukee School of Engineering,WI,Northern Athletics Collegiate Conference,43.045766,-87.9079361
University of Minnesota Morris,MN,Upper Midwest Athletic Conference,45.5902344,-95.8993091
Misericordia University,PA,MAC Freedom,41.3457983,-75.9718359
Mississippi University for Women,MS,St. Louis Intercollegiate Athletic Conference,33.4908045,-88.4196557
Mitchell College,CT,Great Northeast Athletic Conference,41.3281508,-72.0961625
Monmouth College,IL,Midwest Conference,40.9144918,-90.6383903
Montclair State University,NJ,New Jersey Athletic Conference,40.8646879,-74.1969213
Moravian University,PA,Landmark Conference,40.6309054,-75.3835241
Mount Aloysius College,PA,Allegheny Mountain Collegiate Conference,40.4587123,-78.6040379
Mount Holyoke College,MA,New England Women's and Men's Athletic Conference,42.2553285,-72.5696688
Mount St. Joseph University,OH,Heartland Collegiate Athletic Conference,39.0948316,-84.6380374
Mount Saint Mary College,NY,Skyline Conference,41.5118052,-74.0129321
University of Mount Saint Vincent,NY,Skyline Conference,,
University of Mount Union,OH,Ohio Athletic Conference,40.9042387,-81.1106865
Muhlenberg College,PA,Centennial Conference,40.5973331,-75.5104181
Muskingum University,OH,Ohio Athletic Conference,39.9995479,-81.7388823
Nazareth University,NY,Empire 8,43.1025786,-77.5200682
Nebraska Wesleyan University,NE,American Rivers Conference,40.8383056,-96.6479296
Neumann University,PA,Atlantic East Conference,39.8755631,-75.4404745
New England College,NH,Great Northeast Athletic Conference,43.1745711,-71.8313457
University of New England,ME,Conference of New England,43.4572089,-70.3833235
The College of New Jersey,NJ,New Jersey Athletic Conference,40.2685516,-74.7779768
New Jersey City University,NJ,New Jersey Athletic Conference,40.7098627,-74.0876608
SUNY Brockport,NY,Empire 8,43.209853,-77.9513391
SUNY Canton,NY,State University of New York Athletic Conference,44.6044677,-75.1862763
SUNY Cobleskill,NY,North Atlantic Conference,42.6689511,-74.5064331
SUNY Cortland,NY,State University of New York Athletic Conference,42.5927112,-76.1961728
SUNY Delhi,NY,North Atlantic Conference,42.2724575,-74.92319
SUNY Fredonia,NY,State University of New York Athletic Conference,42.4491529,-79.3359411
SUNY Geneseo,NY,Empire 8,42.7982449,-77.8237202
SUNY Maritime College,NY,Skyline Conference,40.8070979,-73.7957328
SUNY Morrisville,NY,State University of New York Athletic Conference,42.9001423,-75.6412255
SUNY Polytechnic Institute,NY,Empire 8,43.1421581,-75.2431406
SUNY New Paltz,NY,State University of New York Athletic Conference,41.7328368,-74.0888052
SUNY Old Westbury,NY,Skyline Conference,40.793775,-73.5676695
SUNY Oneonta,NY,State University of New York Athletic Conference,42.4720574,-75.0628514
SUNY Oswego,NY,State University of New York Athletic Conference,43.4526147,-76.5429045
SUNY Plattsburgh,NY,State University of New York Athletic Conference,44.6835934,-73.4773665
SUNY Potsdam,NY,State University of New York Athletic Conference,44.6606505,-74.9704788
SUNY Purchase,NY,Skyline Conference,41.0476826,-73.7023563
New York University,NY,University Athletic Association,40.7292053,-73.9950148
Nichols College,MA,Conference of New England,42.0418482,-71.9297158
North Carolina Wesleyan University,NC,USA South Athletic Conference,36.0154351,-77.7749098
North Central College,IL,College Conference of Illinois and Wisconsin,41.7743655,-88.1427492
North Central University,MN,Upper Midwest Athletic Conference,44.9688959,-93.2618548
North Park University,IL,College Conference of Illinois and Wisconsin,41.9748749,-87.7053827
University of Northwestern - St. Paul,MN,Upper Midwest Athletic Conference,,
Norwich University,VT,Great Northeast Athletic Conference,44.139179,-72.6612695
Notre Dame of Maryland University,MD,United East Conference,39.3514279,-76.6194007
Oberlin College,OH,North Coast Athletic Conference,41.2957177,-82.2215696
Occidental College,CA,Southern California Intercollegiate Athletic Conference,34.127195,-118.2099203
Oglethorpe University,GA,Southern Athletic Association,33.8763258,-84.3343891
Ohio Northern University,OH,Ohio Athletic Conference,40.7655533,-83.8335623
Ohio Wesleyan University,OH,North Coast Athletic Conference,40.292858,-83.0642763
University of Olivet,MI,Michigan Intercollegiate Athletic Association,,
Otterbein University,OH,Ohio Athletic Conference,40.127744,-82.9362778
University of the Ozarks,AR,Southern Collegiate Athletic Conference,35.4786389,-93.465589
Pacific Lutheran University,WA,Northwest Conference,47.1437573,-122.4443889
Pacific University,OR,Northwest Conference,45.5226463,-123.1093187
Pennsylvania College of Technology,PA,United East Conference,41.2360615,-77.0275145
Penn State Abington,PA,United East Conference,40.115312,-75.1108671
Penn State Altoona,PA,Allegheny Mountain Collegiate Conference,40.5412288,-78.4092511
Penn State Berks,PA,United East Conference,40.359639,-75.9732615
Penn State Erie (Behrend),PA,Allegheny Mountain Collegiate Conference,42.1179708,-79.9827648
Penn State Brandywine,PA,United East Conference,39.926075,-75.4496317
Penn State Harrisburg,PA,United East Conference,40.2030819,-76.7425749
Pfeiffer University,NC,USA South Athletic Conference,35.4864543,-80.2821503
Piedmont University,GA,Collegiate Conference of the South,35.7221452,-81.6878995
University of Pittsburgh at Bradford,PA,Allegheny Mountain Collegiate Conference,,
University of Pittsburgh at Greensburg,PA,Allegheny Mountain Collegiate Conference,40.2756773,-79.5335498
Plymouth State University,NH,Little East Conference,43.7609047,-71.6808714
Pomona-Pitzer Colleges,CA,Southern California Intercollegiate Athletic Conference,,
Pratt Institute,NY,Atlantic East Conference,40.6913383,-73.9630163
Principia College,IL,St. Louis Intercollegiate Athletic Conference,38.6635177,-90.2762879
University of Puget Sound,WA,Northwest Conference,47.261437,-122.4809573
Ramapo College,NJ,New Jersey Athletic Conference,41.0822446,-74.1738235
Randolph College,VA,Old Dominion Athletic Conference,37.4393338,-79.1709349
Randolph–Macon College,VA,Old Dominion Athletic Conference,37.7625105,-77.4795421
University of Redlands,CA,Southern California Intercollegiate Athletic Conference,34.0635976,-117.1638589
Regent University,VA,Coast to Coast Athletic Conference,36.7993207,-76.1944005
Regis College (Massachusetts),MA,Great Northeast Athletic Conference,42.2681514,-71.4339502
Rensselaer Polytechnic Institute,NY,Liberty League,42.7298969,-73.6796678
Rhode Island College,RI,Little East Conference,41.8415962,-71.4628702
Rhodes College,TN,Southern Athletic Association,35.1556438,-89.9889355
Ripon College,WI,Midwest Conference,43.8410236,-88.8539386
Rivier University,NH,Great Northeast Athletic Conference,42.7391231,-71.4546552
Roanoke College,VA,Old Dominion Athletic Conference,37.2486963,-80.0373641
University of Rochester,NY,University Athletic Association,18.4020672,-66.0615926
Rochester Institute of Technology,NY,Liberty League,43.0826701,-77.6729322
Rockford University,IL,Northern Athletics Collegiate Conference,42.2683388,-89.0186734
Roger Williams University,RI,Conference of New England,41.6504681,-71.260233
Rose-Hulman Institute of Technology,IN,Heartland Collegiate Athletic Conference,39.4829201,-87.3241582
Rosemont College,PA,United East Conference,40.0339415,-75.3293406
Rowan University,NJ,New Jersey Athletic Conference,39.7103526,-75.1193267
Rutgers University–Camden,NJ,New Jersey Athletic Conference,39.9483613,-75.1226986
Rutgers University–Newark,NJ,New Jersey Athletic Conference,40.7406871,-74.174889
Russell Sage College,NY,Empire 8,42.7280214,-73.6935695
College of Saint Benedict,MN,Minnesota Intercollegiate Athletic Conference,45.5598215,-94.3182842
St. Catherine University,MN,Minnesota Intercollegiate Athletic Conference,44.924437,-93.1822884
Saint Elizabeth University,NJ,Atlantic East Conference,43.0826175,-75.2680693
St. John Fisher University,NY,Empire 8,43.1150631,-77.5104317
Saint John's University (Minnesota),MN,Minnesota Intercollegiate Athletic Conference,45.5808898,-94.3946325
University of Saint Joseph (Connecticut),CT,Great Northeast Athletic Conference,41.7825213,-72.7312066
St. Joseph's University (Brooklyn),NY,Skyline Conference,40.6904276,-73.9677752
St. Joseph's University (Long Island),NY,Skyline Conference,,
Saint Joseph's College of Maine,ME,Great Northeast Athletic Conference,43.828387,-70.482875
St. Lawrence University,NY,Liberty League,44.5875988,-75.1481253
Saint Mary's College (Indiana),IN,Michigan Intercollegiate Athletic Association,41.7074744,-86.2562801
St. Mary's College of Maryland,MD,United East Conference,38.1903261,-76.4252365
Saint Mary's University of Minnesota,MN,Minnesota Intercollegiate Athletic Conference,44.0453409,-91.6951877
St. Norbert College,WI,Northern Athletics Collegiate Conference,44.4439887,-88.0673452
St. Olaf College,MN,Minnesota Intercollegiate Athletic Conference,44.4641067,-93.1871778
The College of St. Scholastica,MN,Minnesota Intercollegiate Athletic Conference,45.5915423,-94.1959797
University of St. Thomas (Texas),TX,Southern Collegiate Athletic Conference,29.7368368,-95.3941719
Saint Vincent College,PA,Presidents' Athletic Conference,40.2899918,-79.4045864
Salem College,NC,USA South Athletic Conference,36.0861216,-80.2398147
Salem State University,MA,Massachusetts State Collegiate Athletic Conference,42.5023994,-70.8903444
Salisbury University,MD,Coast to Coast Athletic Conference,38.3456921,-75.606895
Salve Regina University,RI,New England Women's and Men's Athletic Conference,41.471202,-71.3004917
Sarah Lawrence College,NY,Skyline Conference,40.9344239,-73.8449773
Schreiner University,TX,Southern Collegiate Athletic Conference,30.0312703,-99.1302465
University of Scranton,PA,Landmark Conference,41.4064465,-75.6577499
University of the South (Sewanee),TN,Southern Athletic Association,35.2044041,-85.9189506
Shenandoah University,VA,Old Dominion Athletic Conference,39.1663054,-78.1587638
Simmons University,MA,Great Northeast Athletic Conference,42.3389354,-71.1004318
Simpson College,IA,American Rivers Conference,41.3662127,-93.5660541
Skidmore College,NY,Liberty League,43.0997374,-73.784111
Smith College,MA,New England Women's and Men's Athletic Conference,42.3162239,-72.6403932
University of Southern Maine,ME,Little East Conference,43.6832708,-70.4496829
Southern Virginia University,VA,USA South Athletic Conference,37.7418153,-79.3403795
Southwestern University,TX,Southern Athletic Association,30.6371513,-97.662741
Spalding University,KY,St. Louis Intercollegiate Athletic Conference,38.2413543,-85.7572006
Springfield College,MA,New England Women's and Men's Athletic Conference,42.1028421,-72.5567149
Stevens Institute of Technology,NJ,MAC Freedom,40.7448096,-74.0252392
Stevenson University,MD,MAC Commonwealth,39.4213601,-76.7014624
Stockton University,NJ,New Jersey Athletic Conference,39.4900756,-74.5340195
Suffolk University,MA,Conference of New England,42.3567011,-71.0610578
Susquehanna University,PA,Landmark Conference,40.7968873,-76.8750374
Swarthmore College,PA,Centennial Conference,39.9029154,-75.3552419
Sweet Briar College,VA,Old Dominion Athletic Conference,37.555329,-79.0833323
Texas Lutheran University,TX,Southern Collegiate Athletic Conference,29.573997,-97.98518
Thiel College,PA,Presidents' Athletic Conference,41.4132185,-80.3857098
Thomas College,ME,North Atlantic Conference,44.5223921,-69.6633478
Transylvania University,KY,Heartland Collegiate Athletic Conference,38.053107,-84.4939872
Trine University,IN,Michigan Intercollegiate Athletic Association,41.6311141,-85.0105982
Trinity College (Connecticut),CT,New England Small College Athletic Conference,41.7471549,-72.6901199
Trinity University (Texas),TX,Southern Athletic Association,29.4616913,-98.4835083
Trinity Washington University,DC,Independent,38.9279405,-77.0028627
Tufts University,MA,New England Small College Athletic Conference,42.4064499,-71.1180771
Union College (New York),NY,Liberty League,42.8175752,-73.9283917
United States Coast Guard Academy,CT,New England Women's and Men's Athletic Conference,41.3822475,-74.3129464
United States Merchant Marine Academy,NY,Skyline Conference,40.8123337,-73.7619648
Ursinus College,PA,Centennial Conference,40.1954088,-75.4553199
Utica University,NY,Empire 8,43.0972479,-75.2704844
University of Valley Forge,PA,United East Conference,40.1191425,-75.5503704
Vassar College,NY,Liberty League,41.6854718,-73.8934933
Vermont State University–Castleton,VT,Little East Conference,43.6064743,-73.1804683
Vermont State University–Johnson,VT,North Atlantic Conference,44.6445964,-72.6669458
Vermont State University–Lyndon,VT,North Atlantic Conference,44.5348501,-72.0247535
Virginia Wesleyan University,VA,Old Dominion Athletic Conference,36.86802,-76.187744
Wabash College,IN,North Coast Athletic Conference,40.0367972,-86.9072703
Warren Wilson College,NC,Coast to Coast Athletic Conference,35.6134478,-82.4406782
Wartburg College,IA,American Rivers Conference,51.9612539,4.5606447
Washington & Jefferson College,PA,Presidents' Athletic Conference,40.1719209,-80.2413496
Washington and Lee University,VA,Old Dominion Athletic Conference,37.7929993,-79.4477349
Washington College,MD,Centennial Conference,39.218376,-76.0692567
Washington University in St. Louis,MO,University Athletic Association,38.6472402,-90.3084017
Waynesburg University,PA,Presidents' Athletic Conference,39.8992531,-80.1863397
Webster University,MO,St. Louis Intercollegiate Athletic Conference,38.5887875,-90.3443641
Wellesley College,MA,New England Women's and Men's Athletic Conference,42.2917693,-71.3032593
Wentworth Institute of Technology,MA,Conference of New England,42.3365725,-71.095373
Wesleyan College (Georgia),GA,Collegiate Conference of the South,32.8734285,-83.717734
Wesleyan University (Connecticut),CT,New England Small College Athletic Conference,41.5559033,-72.6559884
Western Connecticut State University,CT,Little East Conference,41.4004954,-73.445022
Western New England University,MA,Conference of New England,42.1125825,-72.5147814
Westfield State University,MA,Massachusetts State Collegiate Athletic Conference,42.1339674,-72.7993918
Westminster College (Missouri),MO,St. Louis Intercollegiate Athletic Conference,38.8489337,-91.9568394
Westminster College (Pennsylvania),PA,Presidents' Athletic Conference,41.1182434,-80.3286896
Wheaton College (Illinois),IL,College Conference of Illinois and Wisconsin,41.8696375,-88.0975552
Wheaton College (Massachusetts),MA,New England Women's and Men's Athletic Conference,41.9670817,-71.1830932
Whitman College,WA,Northwest Conference,46.0705767,-118.3303124
Whittier College,CA,Southern California Intercollegiate Athletic Conference,33.9778416,-118.0302178
Whitworth University,WA,Northwest Conference,47.7541813,-117.4178865
Widener University,PA,MAC Commonwealth,39.8606395,-75.3565932
Wilkes University,PA,Landmark Conference,41.2444276,-75.8902922
Willamette University,OR,Northwest Conference,44.9355889,-123.0308129
William Paterson University,NJ,New Jersey Athletic Conference,40.9477244,-74.1962763
William Peace University,NC,USA South Athletic Conference,35.7895729,-78.6372259
William Smith College,NY,Liberty League,42.8570498,-76.9871974
Williams College,MA,New England Small College Athletic Conference,42.7130236,-73.2030082
Wilmington College (Ohio),OH,Ohio Athletic Conference,39.441677,-83.817316
Wilson College,PA,United East Conference,39.9510275,-77.6526181
University of Wisconsin–Eau Claire,WI,Wisconsin Intercollegiate Athletic Conference,44.7655005,-91.5090036
University of Wisconsin–La Crosse,WI,Wisconsin Intercollegiate Athletic Conference,43.8156316,-91.2314611
Wisconsin Lutheran College,WI,Northern Athletics Collegiate Conference,43.0372654,-88.0219466
University of Wisconsin–Oshkosh,WI,Wisconsin Intercollegiate Athletic Conference,44.0252,-88.5510899
University of Wisconsin–Platteville,WI,Wisconsin Intercollegiate Athletic Conference,42.7308539,-90.4951446
University of Wisconsin–River Falls,WI,Wisconsin Intercollegiate Athletic Conference,44.8481427,-92.6193599
University of Wisconsin–Stevens Point,WI,Wisconsin Intercollegiate Athletic Conference,44.5314509,-89.5694714
University of Wisconsin–Stout,WI,Wisconsin Intercollegiate Athletic Conference,44.872426,-91.9255798
University of Wisconsin–Superior,WI,Upper Midwest Athletic Conference,46.7178779,-92.0884228
University of Wisconsin–Whitewater,WI,Wisconsin Intercollegiate Athletic Conference,42.8443596,-88.7436664
Wittenberg University,OH,North Coast Athletic Conference,39.9352591,-83.8130498
College of Wooster,OH,North Coast Athletic Conference,40.8116177,-81.9338583
Worcester Polytechnic Institute,MA,New England Women's and Men's Athletic Conference,42.274315,-71.8084567
Worcester State University,MA,Massachusetts State Collegiate Athletic Conference,42.2677195,-71.8427016
Yeshiva University,NY,Skyline Conference,40.8489807,-73.9298403
York College (CUNY),NY,City University of New York Athletic Conference,40.8156286,-73.9502282
York College of Pennsylvania,PA,MAC Commonwealth,39.9474471,-76.7267984
